junction_id,barcode_forward,barcode_reverse_complement,gc_fraction,min_hamming_dist,min_crosstalk_dist
2,TTGTGTGGTTGTGGGGTTGG,CCAACCCCACAACCACACAA,0.55,6.0,6.0
3,TTGTGTTGTGGTGTTGGGGT,ACCCCAACACCACAACACAA,0.5,7.0,6.0
8,TTGGTCGGTTGGCCGGTTGT,ACAACCGGCCAACCGACCAA,0.6,6.0,7.0
11,TTCGCCGGTTCTGCGGTTCT,AGAACCGCAGAACCGGCGAA,0.6,6.0,6.0
24,CCGTGCTTGCGTGCTTTCGT,ACGAAAGCACGCAAGCACGG,0.6,6.0,6.0
33,TCGTTTGGCCGTTTGTGCGT,ACGCACAAACGGCCAAACGA,0.55,6.0,6.0
38,CCGTTTCTGCGTTTCTTCGT,ACGAAGAAACGCAGAAACGG,0.5,6.0,6.0
41,TGCCGTTCTTGCGTTCTTTC,GAAAGAACGCAAGAACGGCA,0.5,6.0,6.0
51,TGCGCGGTTTCTCGGTTTCG,CGAAACCGAGAAACCGCGCA,0.6,7.0,7.0
53,CGTTTGCTCGTTTGCGCGTT,AACGCGCAAACGAGCAAACG,0.55,6.0,6.0
62,TGTCGCTTTGCCGCTTTTGC,GCAAAAGCGGCAAAGCGACA,0.55,6.0,8.0
63,TCGCTTTTCCGCTTTCCCGC,GCGGGAAAGCGGAAAAGCGA,0.6,6.0,8.0
88,TCTGTGCTGCTGTTCTTCTG,CAGAAGAACAGCAGCACAGA,0.5,6.0,7.0
106,TTGGGCCTTTGGTGCTTTGG,CCAAAGCACCAAAGGCCCAA,0.55,6.0,6.0
113,TTGCTCCTTTGCCCCTTTTG,CAAAAGGGGCAAAGGAGCAA,0.5,6.0,8.0
115,TGGTCTTTTGGCCTTTTGTG,CACAAAAGGCCAAAAGACCA,0.45,6.0,7.0
124,GCCCTTCTTGGCTTCTTGTC,GACAAGAAGCCAAGAAGGGC,0.55,7.0,7.0
127,GCCTTCTCTCCTTCTCCCCT,AGGGGAGAAGGAGAGAAGGC,0.6,6.0,6.0
136,GCCTCTTGTGCTCTTGTTCT,AGAACAAGAGCACAAGAGGC,0.5,6.0,6.0
293,GACTACCTGACCACCTTACG,CGTAAGGTGGTCAGGTAGTC,0.55,6.0,7.0
336,TTTACGCCTTAACGCCTAAA,TTTAGGCGTTAAGGCGTAAA,0.4,6.0,7.0
358,AGTACGCTAGAACGCTATCA,TGATAGCGTTCTAGCGTACT,0.45,6.0,7.0
464,TACTCCCTAACTCCCAAACT,AGTTTGGGAGTTAGGGAGTA,0.45,6.0,7.0
477,TCCAAAACTCGCCCACTCGC,GCGAGTGGGCGAGTTTTGGA,0.6,6.0,7.0
674,CCTCGACACCTCTAGACCTC,GAGGTCTAGAGGTGTCGAGG,0.6,6.0,7.0
710,CTACACTCCAACACTCGCAG,CTGCGAGTGTTGGAGTGTAG,0.55,6.0,7.0
749,TAGACCCATATACCCATACA,TGTATGGGTATATGGGTCTA,0.4,6.0,8.0
763,CACACATCGAGACATCGATA,TATCGATGTCTCGATGTGTG,0.45,6.0,6.0
766,AGACATGCATACATGCACAC,GTGTGCATGTATGCATGTCT,0.45,6.0,6.0
767,TGCACACATGGAGACATGGA,TCCATGTCTCCATGTGTGCA,0.5,6.0,7.0
839,GTAGCCCTGAAGCCCTTCAG,CTGAAGGGCTTCAGGGCTAC,0.6,6.0,6.0
874,CGAGCTCTCTAGCTCTCAAG,CTTGAGAGCTAGAGAGCTCG,0.55,6.0,6.0
883,GAAGCTGCTCAGCTGCTGAG,CTCAGCAGCTGAGCAGCTTC,0.6,6.0,7.0
889,GCTTCAAAGCTTGCCAGCTT,AAGCTGGCAAGCTTTGAAGC,0.5,6.0,6.0
936,CTAAGGATCAAAGGATGCCA,TGGCATCCTTTGATCCTTAG,0.45,6.0,6.0
965,CCAGAGATCGATAGATCGAG,CTCGATCTATCGATCTCTGG,0.5,6.0,6.0
973,GAAGATCATCAGATCATGAG,CTCATGATCTGATGATCTTC,0.4,6.0,7.0
977,GAGAAGATGATCAGATGATG,CATCATCTGATCATCTTCTC,0.4,6.0,6.0
995,AAAATCCGCCCATCCGCCGA,TCGGCGGATGGGCGGATTTT,0.6,6.0,7.0
1001,AAATCCACCAATCCACGAAT,ATTCGTGGATTGGTGGATTT,0.4,6.0,6.0
1020,CAAATCACGCAATCACGGAA,TTCCGTGATTGCGTGATTTG,0.45,7.0,6.0
1022,CAGAAAATCATCCCATGATC,GATCATGGGATGATTTTCTG,0.4,6.0,8.0
1025,ATCATCCAATCATCGCATGA,TCATGCGATGATTGGATGAT,0.4,7.0,6.0
1036,AAAATGGCCCCATGGCCCGA,TCGGGCCATGGGGCCATTTT,0.6,6.0,6.0
1047,CAATGAGCGAATGAGCTAAT,ATTAGCTCATTCGCTCATTG,0.4,7.0,6.0
1063,TTGGACAATTGGAGAATTGG,CCAATTCTCCAATTGTCCAA,0.4,6.0,6.0
1072,CCCAATATCCGCATATCCGG,CCGGATATGCGGATATTGGG,0.55,7.0,6.0
1073,AAATATGCCCATATGCCGAT,ATCGGCATATGGGCATATTT,0.4,7.0,6.0
